{
  "alpha": 1.0,
  "classes": [
    "No",
    "Yes"
  ],
  "priors": {
    "No": 0.43478260869565216,
    "Yes": 0.5652173913043478
  },
  "feature_categories": {
    "Humidity": [
      "High",
      "Low"
    ],
    "Temperature": [
      "Cool",
      "Hot",
      "Mild"
    ],
    "Wind": [
      "Strong",
      "Weak"
    ],
    "Cloudy": [
      "No",
      "Yes"
    ]
  },
  "feature_likelihoods": {
    "Humidity": {
      "No": {
        "High": 0.05555555555555555,
        "Low": 0.9444444444444444
      },
      "Yes": {
        "High": 0.9032258064516129,
        "Low": 0.0967741935483871
      }
    },
    "Temperature": {
      "No": {
        "Cool": 0.1780821917808219,
        "Hot": 0.410958904109589,
        "Mild": 0.410958904109589
      },
      "Yes": {
        "Cool": 0.30851063829787234,
        "Hot": 0.26595744680851063,
        "Mild": 0.425531914893617
      }
    },
    "Wind": {
      "No": {
        "Strong": 0.4166666666666667,
        "Weak": 0.5833333333333334
      },
      "Yes": {
        "Strong": 0.3763440860215054,
        "Weak": 0.6236559139784946
      }
    },
    "Cloudy": {
      "No": {
        "No": 0.5,
        "Yes": 0.5
      },
      "Yes": {
        "No": 0.40860215053763443,
        "Yes": 0.5913978494623656
      }
    }
  }
}